job_id,strategy_name,prompt_sent,raw_response,total_cost_usd,latency_seconds
j01,zero_shot,"You are an AI assistant tasked to extract accurate and grounded information.
Extract the company, role and minimum years of experience from this job text in Jason format. If no years are stated, use null.
Text: ""Acme Corp is hiring a Senior Software Engineer to join our platform team. The ideal candidate has 5+ years of backend development experience and strong skills in Python and distributed systems.""
Return as JSON with keys: ""company"", ""role"", ""years_experience_required"".","```json
{
  ""company"": ""Acme Corp"",
  ""role"": ""Senior Software Engineer"",
  ""years_experience_required"": 5
}
```",3.5999999999999994e-05,3.187072992324829
j01,few_shot,"Extract the company, role, and minimum years of experience from the text.Extract company name role and minimum years of experience from this job text in Jason format.
Example 1: ""XYZ Corp seeks a Senior Engineer with 5+ years"" -> {""company"": ""XYZ"", ""role"": ""Senior Engineer"", ""years_experience_required"": 5}
Example 2: ""Looking for   3 years experience candidate at Soylent Industries"" -> {""company"": ""Soylent Industries"", ""role"":""null"", ""years_experience_required"": 3}

Target Text: ""Acme Corp is hiring a Senior Software Engineer to join our platform team. The ideal candidate has 5+ years of backend development experience and strong skills in Python and distributed systems.""
Return as JSON with keys: ""company"", ""role"", ""years_experience_required"".","```json
{""company"": ""Acme Corp"", ""role"": ""Senior Software Engineer"", ""years_experience_required"": 5}
```",4.41e-05,2.0546958446502686
j01,structured," You are a specialist in extracting information from job posting.Extract Company name,role and yearas of experience from each job posting in json format.
  

Text:""Acme Corp is hiring a Senior Software Engineer to join our platform team. The ideal candidate has 5+ years of backend development experience and strong skills in Python and distributed systems.""
Return as JSON with keys: ""company"", ""role"", ""years_experience_required"".","```json
{
  ""company"": ""Acme Corp"",
  ""role"": ""Senior Software Engineer"",
  ""years_experience_required"": ""5+""
}
```",3.4949999999999996e-05,2.171994924545288
j01,cot,"Think step-by-step to extract the information from this job text. 
First, break down your analysis step-by-step, then provide the final output.

Field Fallback Rules:
- If a specific field cannot be found, set its value to null.
- For ""years_experience_required"", extract a string range (e.g., ""3-5"") if present. If no minimum experience or years are stated in the text, explicitly set it to null.

Text: ""Acme Corp is hiring a Senior Software Engineer to join our platform team. The ideal candidate has 5+ years of backend development experience and strong skills in Python and distributed systems.""

Return as JSON with keys: ""company"", ""role"", ""years_experience_required"".","Let's break down the analysis step-by-step:

1. **Identify the Company**: The text mentions ""Acme Corp"" as the hiring company. This will be extracted as the value for the ""company"" key.

2. **Identify the Role**: The text specifies ""Senior Software Engineer"" as the position being hired for. This will be extracted as the value for the ""role"" key.

3. **Identify Years of Experience Required**: The text states ""5+ years of backend development experience"". This indicates that the minimum experience required is 5 years. Since the requirement is expressed as ""5+"", we will interpret this as a range starting from 5 years. However, since the prompt asks for a string range, we will represent this as ""5-"". If there were no specific years mentioned, we would set this to null, but in this case, we have a clear indication of experience.

4. **Construct the JSON Output**: Based on the extracted information, we will format it into a JSON object with the specified keys.

Now, let's compile the final output:

```json
{
  ""company"": ""Acme Corp"",
  ""role"": ""Senior Software Engineer"",
  ""years_experience_required"": ""5-""
}
```",0.000177,4.4069504737854
